Id,Label
嘉兴,嘉兴
呼和浩特,
威海,
包头,
韶关,
乌海,
牡丹江,
自贡,
石嘴山,
漳州,
抚州,
惠州,
运城,
孝感,
信阳,
秦皇岛,
亳州,
呼伦贝尔,
南通,
延安,
七台河,
嘉峪关,
汕头,
定西,
黄石,
商洛,
绥化,
沧州,
榆林,
伊春,
宜宾,
通化,
乌兰察布,
东莞,东莞
六安,
益阳,
茂名,
黄山,
临沧,
江门,
黄冈,
兴安盟,
连云港,
锦州,
荆州,
德州,
攀枝花,
枣庄,
普洱,
铜仁,
巴彦淖尔,
鹤岗,
焦作,
渭南,
荆门,
广元,
十堰,
兰州,
大连,
开封,
大庆,
盘锦,
长沙,
张家界,
衢州,
毕节,
朝阳,
贵阳,
济宁,
扬州,
鹰潭,
襄阳,
鄂尔多斯,
蚌埠,
吕梁,
湛江,
鹤壁,
天水,
昭通,
青岛,
滁州,
遵义,
贺州,
铜川,
石家庄,石家庄
遂宁,
崇左,
酒泉,
东营,
大同,
烟台,
齐齐哈尔,
松原,
邯郸,
河源,
临汾,
达州,
南充,
德阳,
莱芜,
阜新,
巴中,
常德,
安康,
铜陵,
乐山,
宁德,
丽江,
广安,
长治,
佳木斯,
芜湖,
赤峰,
邵阳,
抚顺,
佛山,
三门峡,
潮州,
泸州,
无锡,无锡
安阳,
台州,
汕尾,
广州,广州
西安,
南京,南京
厦门,厦门
长春,
株洲,
周口,
湘潭,
合肥,
白城,
咸宁,
新余,
保定,
辽阳,
平凉,
吉林,
桂林,
许昌,
阜阳,
阳泉,
防城港,
北海,
临沂,
庆阳,
银川,
淄博,
通辽,
新乡,
宝鸡,
玉林,
白银,
柳州,
丹东,
中山,
珠海,
清远,
张家口,
吴忠,
海口,
葫芦岛,
福州,福州
北京,北京
雅安,
聊城,
绵阳,
邢台,
铁岭,
濮阳,
镇江,
上饶,
黑河,
宿州,
岳阳,
郑州,郑州
三明,
辽源,
金昌,
眉山,
中卫,
金华,
六盘水,
南宁,
梅州,
晋城,
湖州,
赣州,
深圳,深圳
泉州,
乌鲁木齐,
淮北,
洛阳,
梧州,
河池,
武威,
太原,
张掖,
南阳,
宣城,
鄂州,
池州,
晋中,
宜昌,
揭阳,
武汉,武汉
唐山,
南平,
汉中,
安顺,
漯河,
沈阳,
马鞍山,
成都,成都
丽水,
随州,
徐州,
三亚,
宿迁,
淮安,
玉溪,
淮南,
忻州,
鸡西,
龙岩,
百色,
泰州,
陇南,
内江,
昆明,
杭州,杭州
保山,
绍兴,
白山,
贵港,
阿拉善盟,
拉萨,拉萨
商丘,
克拉玛依,
潍坊,
营口,
泰安,
温州,
济南,
资阳,
九江,
南昌,
永州,
朔州,
哈尔滨,
双鸭山,
重庆,重庆
盐城,
萍乡,
郴州,
娄底,
常州,
承德,
云浮,
日照,
固原,
衡阳,
来宾,
舟山,
上海,上海
天津,天津
驻马店,
曲靖,
安庆,
莆田,
钦州,
宜春,
四平,
菏泽,
本溪,
衡水,
鞍山,
宁波,宁波
吉安,
景德镇,
咸阳,
西宁,
怀化,
廊坊,
阳江,
苏州,苏州
平顶山,
肇庆,
滨州,
